# {"rxembed_version": "0.1.3", "rdkit_version": "2026.03.6", "seeds": [42, 7, 1234], "timeout": 10}
id,status,stage,detail,seed,seconds,core_rmsd,metal,stereo,kappa,eta
ABUVUP,pass,,,42,0.79,0.0964,Ni,,2,
ASISAX,pass,,,42,0.70,0.0839,Ni,,4,
ASUVIV,pass,,,42,0.49,1.2978,Ir,point;winding,1;3,5
BEGLUU,pass,,,42,0.55,0.0538,Ni,,4,
BENVOG,pass,,,42,3.32,0.2549,Ni,,4,
Cis-PtCl2(en),pass,,,42,0.11,0.1069,Pt,,1;2,
CisPlatin,pass,,,42,0.09,0.1876,Pt,,1,
CuCN2,pass,,,42,0.07,0.0964,Cu,,1,
DIXHOK,pass,,,42,0.49,1.9577,Ni,,1;2,
EJUJUP,pass,,,42,0.29,0.2001,Cr,point,1,6
FeCO5,pass,,,42,0.12,0.0254,Fe,,1,
FeH2(CO)4,pass,,,42,0.14,0.0687,Fe,,1,
Ferrocene-halide-face,pass,,,42,0.21,1.0679,Fe,,1,5
Ferrocene,pass,,,42,0.16,0.3298,Fe,,1,5
HgI3,pass,,,42,0.08,0.1858,Hg,,1,
IROXET,pass,,,42,2.04,0.1352,Rh,,1;3,
JEGKOW,pass,,,42,0.20,0.0979,Rh,,1;2,
JOTJEK,pass,,,42,0.39,0.1967,Pd,,2,
KAXVOX,pass,,,42,2.25,1.8686,Zn,,1;4,
LEZWAO,pass,,,42,0.50,0.1854,Pd,,2,
NAXDOI,pass,,,42,1.34,0.3108,Mn,,1;2,5
OCUGIC,pass,,,42,0.69,0.1452,Ag,point,1,
POJJOP,pass,,,42,0.27,0.0957,Pd,point,1;2,
PdCl2-R-BINAP,pass,,,42,1.50,0.1867,Pd,atrop,1;2,
PdCl2-RR-BDNN,pass,,,42,1.28,0.1267,Pd,point,1;2,
PdCl2-RR-BDPP,pass,,,42,1.19,0.1245,Pd,point,1;2,
PdCl2-RR-DPDME,pass,,,42,0.66,0.2099,Pd,point,1;2,
PdCl2PhenPhosMe,pass,,,42,0.24,1.9712,Pd,,1;2,
PtMeNH3ClBr-Cis,pass,,,42,0.11,0.1739,Pt,,1,
PtMeNH3ClBr-Trans,pass,,,42,0.13,0.1504,Pt,,1,
RIFGUJ,pass,,,42,0.81,0.1302,Cu,point;winding,1;3,
ROGYAO,pass,,,42,0.50,0.0571,Pd,point,1;2,
ReF7,pass,,,42,0.24,0.7319,Re,,1,
Rh-RR-DIPAMP-Cl2,pass,,,42,0.67,0.5127,Rh,point,1;2,
Rh-Single-Chiral-Phosphine,pass,,,42,0.53,2.0303,Rh,point;winding,1,
TiCat1,pass,,,42,0.29,1.6495,Ti,,1;2,5
TiCat2,pass,,,42,0.33,0.1192,Ti,,1;2,5
TiCat3,pass,,,42,0.60,1.2636,Ti,planar,1;2,5
TiCat4,pass,,,42,0.45,1.2757,Ti,planar,1;2,5
TiCat5,pass,,,42,0.44,0.2948,Ti,planar,1;2,5
TiCat6,pass,,,42,0.51,1.4781,Ti,planar,1;2,5
TransPlatin,pass,,,42,0.12,0.1364,Pt,,1,
VOacac2,pass,,,42,0.20,0.0823,V,,1;2,
YESKOZ,pass,,,42,1.77,0.1099,Zn,,1;4,
ZUMNEC,pass,,,42,0.29,0.1709,Mo,winding,2,
Zeises_salt,pass,,,42,0.09,0.1567,Pt,,1,2
fac-Ir(ppy)3,pass,,,42,0.42,0.0843,Ir,winding,2,
mer-Ir(ppy)3,pass,,,42,0.41,0.0704,Ir,winding,2,
PdClBr-BINAP,pass,,,42,1.21,0.1942,Pd,atrop,1;2,
PdClCFMe-BINAP,pass,,,42,1.07,0.1955,Pd,atrop;point,1;2,
HEBLOQ,pass,,,42,0.27,0.1368,Ag,,1,
DOCPIW,pass,,,42,0.55,0.1274,Au,donor hand;point,1,
MAJFAG,pass,,,42,0.53,0.6103,Cd,E/Z,1;2,
JAKNUE,pass,,,42,0.51,0.0932,Co,winding,1;2,
ABITAJ,pass,,,42,0.43,0.1552,Cr,,1,6
EGALIK,pass,,,42,0.87,0.3147,Cu,E/Z;winding,2,
ARITOK,pass,,,42,0.58,1.2629,Fe,E/Z;point,1,4
GOCJIU,pass,,,42,0.41,0.5751,Hf,,1;2,5
GEQXUW,pass,,,42,0.39,0.1229,Hg,,1,
IWOSIX,pass,,,42,0.80,0.1132,Ir,winding,2,
SIDYIP,pass,,,42,0.55,1.5300,La,,1,5
HAJDUR,pass,,,42,0.25,1.3703,Mn,,1,5
AHEVIU,pass,,,42,0.74,0.2142,Mo,winding,1;3,
FAVSAY,pass,,,42,0.26,1.8443,Nb,,1;2,
BENDOP,pass,,,42,0.40,0.1376,Ni,,2,
GAGSEO,pass,,,42,1.32,1.4560,Os,,1;2,6
BOJQUN,pass,,,42,0.28,1.7432,Pd,,1;2,
DORYAN,pass,,,42,0.21,0.1005,Pt,,1;2,
DAFFID,pass,,,42,0.42,0.1440,Re,winding,1;2,
EGEGON,pass,,,42,0.62,0.2286,Rh,E/Z,1;2,2
BAYCAI,pass,,,42,0.41,1.5772,Ru,winding,1;2,6
EXADAI,pass,,,42,0.42,1.2705,Sc,,1,5
KAGPAL,pass,,,42,0.34,1.6556,Ta,,1;2,
MOCQIE,pass,,,42,0.37,0.1009,Tc,point;winding,1;4,
CAJJEC,pass,,,42,0.36,1.4918,Ti,,1,5
EWOSAK,pass,,,42,0.50,0.1346,V,winding,1;3,
ALODUB,pass,,,42,2.01,1.6117,W,point,1,
OFUNUZ,pass,,,42,0.47,1.8039,Y,,1,2;5
AFEDEV,pass,,,42,0.22,0.3548,Zn,,1;2,
CUSNIN,pass,,,42,0.36,0.5832,Zr,,1;2,5
BABGET,pass,,,42,0.61,1.9959,Zn,,1;4,
ZIBGAS,pass,,,42,0.17,2.3197,Ag,,2,
OWAHEB,pass,,,42,0.61,0.1125,Ir,point,3,
ABARAX,pass,,,42,0.99,2.7466,Y,winding,9,
SOLHIK,pass,,,42,0.27,0.3057,Ag,winding,4,
FOGCIN,pass,,,42,0.24,0.0677,Pd,point,2,
WICHIZ,pass,,,42,0.80,2.1373,Nb,,1;2,2
CUHXEJ,pass,,,42,0.10,0.1692,Pt,,1,2
ZUDWUQ,pass,,,42,0.69,0.1373,Ni,,1,6
ZACNOJ,pass,,,42,0.27,2.2133,Zn,,2,
RUKTOG,pass,,,42,0.29,1.9648,Ru,winding,1;2,
ZUVDOJ,pass,,,42,0.27,0.1576,Ag,,1,
WOKWUO,pass,,,42,0.43,0.0494,Zn,,2,
KEFCIJ,pass,,,42,0.53,0.1097,Pd,,2,
AFAXAG,pass,,,42,0.12,0.1093,Au,,1,
MISJAA,pass,,,42,0.16,2.0380,Pt,,1,
XIHXUL,pass,,,42,0.26,0.1060,Au,point,1;2,
XEBYOT,pass,,,42,0.37,0.2651,Cu,winding,5,2
NUSPEW,pass,,,42,4.26,0.1757,Re,winding,4,
MnH,pass,,,42,1.71,0.9110,Fe,point;winding,1;3,5
